epoch,train_loss,eval_loss,eval_prec1,eval_prec5
0,6.914988626202614,6.907889254302979,0.1,0.5
1,5.5003514023040605,6.918819300384522,0.1,0.5
2,4.312880376260058,7.020955482330322,0.1,0.5
3,3.9814500695319293,7.208767004394531,0.1,0.5
4,3.8867667181600485,7.34244179397583,0.1,0.5
5,3.8555511730752117,7.3528357336425785,0.1,0.558
6,3.7354020437748314,7.235436230316162,0.164,0.536
7,3.6792830613781984,7.156069258422852,0.182,0.4979999998855591
8,3.6425023828860192,7.0675488945007325,0.25400000045776366,0.9960000003051758
9,3.590461625469674,6.010154309387207,6.25000000366211,15.766000006713867
10,3.566148680558117,4.152928798828125,26.492000013427734,48.90600000488281
11,3.5508783358178264,3.2465155970001223,37.54600001342774,62.65799996826172
12,3.515977703981834,2.6399790431594847,46.3299999609375,71.40599999023438
13,3.5070004493688987,2.322590512390137,51.116000017089846,75.81800000732422
14,3.4958675009645908,2.160764005622864,53.825999985351565,77.87199994873046
15,3.467226721971727,2.0313442514038087,56.18399995117188,79.58999994628907
16,3.4599742322421663,1.9596580809402466,57.15600002929688,80.4619999194336
17,3.4529537110210513,1.9018994705963135,58.24999997070312,81.14599991943359
18,3.4273824719406907,1.8605685350799561,58.85200002441406,81.66199991699219
19,3.4217300297830886,1.8477618533325195,59.01399999755859,81.82599996826171
20,3.417314645388334,1.8284243307495118,59.31799994628906,82.04000001708984
21,3.394731937552528,1.793489133758545,59.87199996826172,82.48400001708984
22,3.392602026700783,1.793973508491516,59.87999994384766,82.36799991210937
23,3.3853963722142097,1.7604381385040284,60.38399997070312,82.85200001464844
24,3.365103450896357,1.7346539798355103,60.95799996582031,83.22399993652344
25,3.3632400018705737,1.7371987641525268,60.77999994140625,83.14999993408203
26,3.360142162377886,1.7232912921524048,61.1140000390625,83.38400001220703
27,3.3409390017854794,1.7001222048187257,61.471999963378906,83.64400001220703
28,3.3351907513791517,1.6823714540100099,61.57399996337891,83.89000001220703
29,3.3348646689947845,1.6698095842361451,61.77399993652344,84.06199993408202
30,3.314653418999877,1.6654817558670043,62.0039999609375,84.0819999633789
31,3.3124462598614652,1.652545682411194,62.213999936523436,84.25199993408204
32,3.310456856739797,1.6359008580970764,62.5800000390625,84.43000001220703
33,3.2903840505628943,1.6320968240737914,62.5640000390625,84.47999993164062
34,3.2906445566889384,1.6417369704818725,62.40199993652344,84.39800000976562
35,3.2883523797912657,1.6211350919151306,62.805999956054684,84.6980000366211
36,3.2682011668725934,1.6231088872909545,62.81200001464844,84.74999993408203
37,3.268134196408742,1.6419091031646729,62.32800001953125,84.31799993408202
38,3.2650279744351796,1.6784802641677856,61.62600004150391,83.78599998779296
39,3.246446339441813,1.6362182700157166,62.55400003662109,84.32799993408203
40,3.2427063612438602,1.6032512761306763,63.144000036621094,84.85400000732422
41,3.2425117058147914,1.5866546015548706,63.451999987792966,85.01799995849609
42,3.2267876201205783,1.6262015265655518,62.685999914550784,84.57799993408203
43,3.226026603357969,2.1805966596221924,52.450000021972656,76.0960000024414
44,3.2276638117339687,1.7994409588623046,59.495999921875,82.27799993652344
45,3.206094114328746,1.6519057434082032,62.211999990234375,84.14600000976563
46,3.2080175817536887,1.5826362284469604,63.54199998779297,85.14200000732421
47,3.2079246226165123,1.561546765575409,63.92999998779297,85.45799998291015
48,3.187692332229645,1.5789474658584595,63.72000001220703,85.24400003662109
49,3.1878686456276264,1.5740178115081787,63.8220000390625,85.29599993408203
50,3.189409888905587,1.5561781289100647,64.15399998535156,85.49999998046874
51,3.1694487072199844,1.5389042293548585,64.34599993164062,85.71199997802735
52,3.1694185749041757,1.522525418586731,64.80399992919922,85.88999997802735
53,3.1685654449996523,1.5200433246994018,64.76399995361328,85.87599992919922
54,3.1506582911161307,1.5167600329971314,64.77999998046874,85.89399993164062
55,3.1508140788852073,1.5079705466842652,64.98000000732422,86.06399998046875
56,3.147651861706893,1.5123570593452453,64.90800000732422,86.00399998046875
57,3.133423946172499,1.5019652316093446,65.15799992919922,86.15599992919923
58,3.1315180128045697,1.4922558213043213,65.29600000732422,86.21600003417969
59,3.132138447224093,1.4900451420593261,65.34800000732422,86.27200003173829
60,3.1164506644272594,1.4832738802146912,65.56199998291015,86.42000000488281
61,3.1130934728802346,1.48097706199646,65.52799992919923,86.41000002929688
62,3.1117840783296824,1.4716332990646361,65.69000000732422,86.58800002929688
63,3.097454925806974,1.4711309978103637,65.70600000976563,86.5960000024414
64,3.0989665862181774,1.4687121640014649,65.77000000732421,86.64600002685548
65,3.095464543949405,1.4662706089782716,65.79200000976563,86.724
66,3.0801440681294383,1.456436787929535,65.99399993164063,86.88200002685547
67,3.0824815377914647,1.4537580982589722,66.13800003417968,86.91800002685547
68,3.07939922742897,1.4584020182800292,66.15000000732422,86.88999997558594
69,3.0663314251590976,1.4537881393623353,66.25399993164062,86.88800000488281
70,3.063541718524137,1.451050677471161,66.24599998291016,86.98799997802735
71,3.0634221564665687,1.4442678945350647,66.44199998046875,87.05199995117188
72,3.0481325447988166,1.4376141159820557,66.65399998046875,87.14399997802734
73,3.0497303408303327,1.4328330289459228,66.50399992919922,87.25000002929687
74,3.048812243292372,1.4280923861694337,66.63800000732422,87.28600002929687
75,3.0341934796622234,1.4231078344726562,66.86399998046875,87.35200002685546
76,3.0326634448209253,1.4322012501907349,66.61999998046875,87.22799997558593
77,3.0349784695940145,1.42072438829422,66.80199992675782,87.33199997558594
78,3.017477414019102,1.4171520393371582,66.96599992919921,87.40599997558594
79,3.0179043443178197,1.4119923575782776,67.15600000488281,87.45799992431641
80,3.0162714075603834,1.4080624063301086,67.38999992675781,87.45199994873047
81,3.0021083472158128,1.4031047216415404,67.38000003173828,87.60200002685546
82,3.0028303519522637,1.6558732773208618,61.84999998535156,84.29399994140626
83,3.004808390740868,1.4960810299873353,65.29800004150391,86.4320000341797
84,2.9863784494255183,1.4279489247322084,66.89400000976562,87.17000000244141
85,2.9901417817810265,1.4874211380958557,65.55600001464843,86.43399998046876
86,2.9873013706039564,1.4237700162696838,66.78399997802734,87.27200002685547
87,2.9750911289934727,1.433571977748871,66.57200003417968,87.28799997802734
88,2.971987606143113,1.4138525246810913,66.84799998046876,87.54399994873047
89,2.9733121370335374,1.3970655395507812,67.25600003173828,87.78200002685547
90,2.9599899608168383,1.3818077409553529,67.78599998046874,87.9619999243164
91,2.9577763573252422,1.3709645142555238,67.94400000488281,88.07799994628907
92,2.9556804337947487,1.3819523129463196,67.76999997802734,87.875999921875
93,2.944443223573607,1.370601513710022,67.94000000488282,88.03400002441406
94,2.9431759733662046,1.3627514804649352,68.16000000244141,88.147999921875
95,2.9417040549117406,1.3602274208450318,68.1440000024414,88.20799994628906
96,2.9313007649376717,1.3611031016921997,68.21800000488281,88.1979999194336
97,2.9268527344452866,1.3533353276252746,68.39399997558594,88.37199991943359
98,2.932598061889386,1.6486894361114501,61.97799993652344,84.35199994140625
99,2.9195289309743306,1.4788180793380736,65.80799993652344,86.7420000024414
100,2.918052376698342,1.3962425267791747,67.45399997802734,87.665999921875
101,2.918731902047789,1.3643835038757324,68.19600002685547,88.19400002441407
102,2.904294053999354,1.3499995890426635,68.44600002685547,88.427999921875
103,2.9051162287485686,1.377679042930603,67.95200000244141,88.02399994873046
104,2.903729665955956,1.3692669265556336,68.01399992431641,88.17599997558594
105,2.8924627969209715,1.352168634338379,68.3319999243164,88.47200002441406
106,2.890891381781355,1.3415457774925232,68.6079999243164,88.53599999755859
107,2.8905998400742297,1.3344861393165588,68.89999994873047,88.59399994628906
108,2.8781630575513955,1.3288736142539979,68.902,88.70200002197265
109,2.8740987371769453,1.3275117185783387,68.941999921875,88.77800002197266
110,2.8772413574343774,1.3245654004859924,69.03600000244141,88.7779999194336
111,2.8646122794643007,1.3220496383666993,69.11200002685547,88.75400002197266
112,2.8649091696758253,1.3218497401237488,69.00199994873047,88.73999991699219
113,2.8645297721516694,1.3201710384750367,69.04599997558594,88.74399999511719
114,2.8535396616331203,1.319277157306671,69.069999921875,88.72599991943359
115,2.851840807665452,1.3147162881660461,69.199999921875,88.79799999511718
116,2.851695450852148,1.3189137021827697,68.99799997558594,88.7919999951172
117,2.8382197031490715,1.314014492263794,69.13599997314454,88.78599997070313
118,2.839165576737371,1.3101347558784484,69.31399995117188,88.87999996826171
119,2.840667277979527,1.3111169356155397,69.32400000732422,88.92199994384765
120,2.828151801126085,1.3095487382125854,69.36800003173828,88.94199996826171
121,2.8289090126252576,1.307005390396118,69.30400002929687,88.97799994384765
122,2.827059308783137,1.3012595822906494,69.45799995117187,89.06600002197266
123,2.8115087605589966,1.2961123713493348,69.4740000024414,89.13600002197266
124,2.815316221029829,1.2904108481407166,69.5999999243164,89.15400002197265
125,2.814905583715553,1.2903963766098023,69.7240000024414,89.17400002197266
126,2.8032416991478533,1.291548713684082,69.6379999243164,89.10399994384765
127,2.8036202451498577,1.2879518815231323,69.65199992675781,89.20199999511719
128,2.802064356091116,1.2860587463760376,69.8140000024414,89.18599997070312
129,2.7906651950473313,1.2845483705329894,69.945999921875,89.2759999975586
130,2.7923573909236565,1.2823256783294679,70.09200002685547,89.2719999194336
131,2.7900251290209286,1.2792134248542786,70.08600002685547,89.27399991943359
132,2.7787595736704094,1.2767264317703246,70.11799997558593,89.35799994628906
133,2.778519530757535,1.2771378584098816,70.09199991943359,89.45799997070313
134,2.779500126838684,1.2758462817001344,70.05199994873047,89.44799994384766
135,2.768374719208093,1.2704258822250367,70.11399994873047,89.49399994384765
136,2.769015592255657,1.2673409267616271,70.23200002441406,89.54399994384765
137,2.7666092994782945,1.2659917444610596,70.341999921875,89.52200002197266
138,2.7551140943400676,1.2644609664535522,70.36000002685547,89.49999997070313
139,2.758090675687142,1.262625528907776,70.297999921875,89.5279999975586
140,2.756694203848652,1.2590339184570312,70.54599994873047,89.57599999511719
141,2.7454686320180612,1.2610952213859559,70.52200002441407,89.64199997070313
142,2.7444756297851733,1.2574549702835083,70.45800002441406,89.60600002197266
143,2.7452873334610204,1.2558751850700378,70.4799999194336,89.62800002197265
144,2.7331354588532237,1.2511966861724853,70.56599994628907,89.65999999511719
145,2.733712677570651,1.25059236907959,70.64799997070313,89.75200001953125
146,2.7364134247259173,1.247601026992798,70.724,89.79799994140625
147,2.7229789271533824,1.2456886806106566,70.75200002197266,89.79199996826172
148,2.7241356005962136,1.2453925146865845,70.70599999755859,89.85999996826172
149,2.7232040760519025,1.244020063343048,70.88399997314453,89.85199994140625
150,2.7138451603676774,1.2427823604393005,71.02999994628907,89.80400001953124
151,2.714090091528462,1.2422091768836976,71.02800002441407,89.81399999511719
152,2.7141224929182934,1.245453037376404,70.76400002197266,89.87199999511719
153,2.702129281491494,1.2399251786041259,70.85600002197266,89.93599999267578
154,2.7007953056233296,1.2357828927612304,71.01399994384765,90.00999994384766
155,2.702258463767316,1.2348785289764403,71.00600002197265,89.96599999511719
156,2.692086328800729,1.2335510264778138,71.10999997070313,89.91199997070312
157,2.6924582900856135,1.2310685108566284,71.13399991943359,89.90400001953125
158,2.693604448621126,1.2294153053665162,71.1619999194336,89.91599999511719
159,2.6816806857057993,1.227844726486206,71.16399991943359,90.00800002197266
160,2.681730752273334,1.2271841410255433,71.19599994628906,89.92600002197265
161,2.6856477127181924,1.24090315782547,70.93999997314454,89.87600002197266
162,2.670337823369234,1.2367694410705565,70.971999921875,89.93999997070313
163,2.6702273079721954,1.2282171802711488,71.21999999511719,90.04799996826172
164,2.671723021306008,1.222348878173828,71.27799999511718,90.11400001953125
165,2.661602775160548,1.2208394004249572,71.35999996826172,90.15599996826172
166,2.6602578487137047,1.2179263780021667,71.38599996826171,90.14600001953124
167,2.661613679141831,1.2174971308517457,71.51599999511718,90.17799991699219
168,2.648785175084115,1.2188269030570984,71.46800002197266,90.09999996826171
169,2.653689725317067,1.2138013818740845,71.53799996826172,90.21599999511719
170,2.6512706397915724,1.212972584514618,71.48799996826172,90.19199991699219
171,2.641182626846978,1.210972047405243,71.49599996826171,90.24200002197266
172,2.6425442940516057,1.208861596851349,71.60800001953125,90.29399997070313
173,2.6439323988463954,1.2085364543533326,71.63200001953125,90.32399994384765
174,2.632206159625217,1.2055734392166138,71.60399994140624,90.38799991699219
175,2.632914056594995,1.2050160897254945,71.66199994140625,90.39799996826171
176,2.633028467972692,1.2031138987159729,71.78399991455078,90.39199996582032
177,2.6225769965768717,1.2019527206039429,71.73999996826171,90.41399996582031
178,2.6206551089847117,1.2001295203208924,71.72399999267579,90.44199991455078
179,2.6223858041252543,1.1977802705192566,71.90199996582031,90.49600001953125
180,2.611644297004413,1.1981338682746887,71.97600001708985,90.45599996826172
181,2.6133743165303573,1.1970142002868653,71.97599993896485,90.47199991699219
182,2.6146862357259275,1.1973454146003724,71.96199999023437,90.45000001953125
183,2.602569399406012,1.1938171967887878,72.01799999023437,90.52599996826171
184,2.6020822711795164,1.1937781050682068,71.97599996337891,90.47399999511718
185,2.6040880970722387,1.1925329135131837,71.92400001708984,90.53400001953125
186,2.593730502467838,1.1899866785621642,71.99999991455078,90.61199999511719
187,2.5950879784796737,1.188726904067993,71.96599991210938,90.64799994140625
188,2.5960364059673893,1.1873267667770386,72.04399993652343,90.61799996826171
189,2.585843095962378,1.1866174698257446,72.05800001464844,90.57800001953125
190,2.5821547397701954,1.1855937015533446,72.18799991455079,90.62000001953125
191,2.586666023988518,1.1841951108551025,72.13999999267578,90.68999991455078
192,2.577805963732737,1.1830170115089416,72.27199996582031,90.76599996582031
193,2.577090657586388,1.1827923411941528,72.20199991210937,90.72799991455078
194,2.576965485545371,1.1800600901794434,72.28599999023437,90.70200001708984
195,2.5663977408771226,1.1787989549827576,72.33600001708984,90.75199993896484
196,2.566470509429249,1.1782520499229432,72.40199994140625,90.76000001953125
197,2.5686157753141665,1.1775626627349853,72.28999991455078,90.73999994140625
198,2.5585341615547286,1.1767139046287536,72.32000001464844,90.78999996826172
199,2.5576782685866077,1.1762084534835815,72.41599993896484,90.78800001953125
200,2.559662974519219,1.1743506298065185,72.48599993896484,90.86799999267578
201,2.551668946119807,1.172823717250824,72.39399991210938,90.87599996826172
202,2.550832519618918,1.1717969528198242,72.42200001464843,90.88799996582031
203,2.549401147378911,1.1711117329216003,72.57799991210938,90.89799993896484
204,2.5399694191180258,1.1692374158859253,72.65999991210937,90.91799991455078
205,2.541148016111647,1.1679714107322692,72.5719999633789,90.90400001708984
206,2.542814659938919,1.1663303551483155,72.6780000390625,90.92600001708985
207,2.5341732127489234,1.1647773892974853,72.66199993652344,90.99999994140624
208,2.531217393257635,1.1645905283927918,72.67999998779297,90.94599999267578
209,2.53433428784545,1.1627864266014099,72.68400001464843,90.95799999267578
210,2.5242363750029333,1.161235474395752,72.7240000390625,90.97799991455078
211,2.5267401912705982,1.1622465392684938,72.7419999609375,90.99199999267579
212,2.5242151098190355,1.1615878690719605,72.79799998779296,91.04199994140625
213,2.5168762525303854,1.1597409476661682,72.82400001220704,91.03200001708984
214,2.5173238425327242,1.1586320385932922,72.8880000390625,91.06399996582032
215,2.516792607917298,1.1574292821502685,72.84200001220704,91.07399993896485
216,2.5101971177460194,1.1564660655784607,72.94599998535156,91.11999993896484
217,2.5085325479316865,1.154022941684723,72.95200001220704,91.12600001708985
218,2.5086997320516695,1.1525327785491943,73.06000003662109,91.15799996582031
219,2.5004648693459783,1.1525860560798644,73.02999993408203,91.15599991455078
220,2.4997323213054314,1.1518593009376525,73.06799993408202,91.15799993896485
221,2.500532989784015,1.1516562571907043,73.0399999584961,91.17599991210938
222,2.4925194668064683,1.1499120109176635,73.10400001220704,91.24399993896485
223,2.494346577486546,1.1494141151618957,73.19399993652344,91.16600001708984
224,2.4949278636134977,1.1472142458152772,73.21799991210938,91.21999993896485
225,2.4885044521946225,1.1462810599136353,73.21800001464844,91.23800001708985
226,2.4854292401688087,1.1453734237289428,73.23799996337891,91.25199993896484
227,2.484617343909449,1.1446915120124816,73.21999991210937,91.26999993896484
228,2.4785619754966595,1.1430372155761719,73.21199998779296,91.30399993896485
229,2.4769904481040106,1.1423323238945007,73.17999998779297,91.32199993896485
230,2.4767165799602138,1.141784746246338,73.1939999609375,91.29200001708985
231,2.4700718134713116,1.1403777075576782,73.29599993408203,91.2599999633789
232,2.470508779553201,1.1400006327056884,73.24799998779297,91.24999996337891
233,2.4700783662658803,1.1403892321586608,73.24200001708985,91.27999999023437
234,2.461452649365798,1.1408633052253723,73.29999996582032,91.32600001708984
235,2.4612953955416295,1.1404095670509338,73.32999999023437,91.34999999023438
236,2.462503399589746,1.1381185414886474,73.39999999023438,91.35799991210938
237,2.456499745138734,1.1374530348396301,73.38799999023438,91.35399991210937
238,2.4547561499521695,1.1362460281562805,73.59199999023437,91.34199999023437
239,2.452314128121026,1.1361065077781678,73.6460000390625,91.33999991210938
240,2.446216031992369,1.1355055776786804,73.58399993652344,91.41799999023438
241,2.4472392976617545,1.133902808971405,73.59999993408204,91.4459999658203
242,2.4461131255975443,1.132065505104065,73.57999993652344,91.45399996582032
243,2.4405771478665153,1.1315125862693787,73.6400000390625,91.48200001708985
244,2.438777555474084,1.131090148830414,73.64200001220703,91.49799993896484
245,2.4437825728377565,1.1312520825576782,73.6320000390625,91.47399991210938
246,2.4341499490989484,1.1298154923820496,73.5820000390625,91.51199991210937
247,2.4325555155126692,1.1288368883895874,73.5920000390625,91.52199991210938
248,2.4335081255216773,1.127878448677063,73.67999991210938,91.54599999023438
249,2.424912236386733,1.1269389461898804,73.60799994140625,91.51599991210938
250,2.425043715942773,1.1264421774291993,73.6679999633789,91.46399999023437
251,2.4262242195226973,1.1271957999801636,73.77399996582031,91.51400001708984
252,2.419198919638551,1.1252154078674317,73.88999999023437,91.58199991455078
253,2.4198242990995387,1.124762782344818,73.73199993896485,91.53800001708984
254,2.4182368760867465,1.1242341614723206,73.7740000390625,91.54999993896485
255,2.41156272731906,1.1226894059753418,73.92800001220704,91.56400001708984
256,2.412406778545212,1.1218893288421632,73.9320000390625,91.60000001708984
257,2.4126917550699125,1.1213277695083619,73.88599998535156,91.61999993896484
258,2.4039909867264573,1.120005956249237,73.8820000390625,91.5999999633789
259,2.4049894050252045,1.121572042427063,73.84999993652343,91.65600001464844
260,2.4059836001133177,1.1203995729446412,73.86599993408203,91.61199993652343
261,2.3996663510942344,1.1213534000205994,73.7939999609375,91.58799991210938
262,2.3962595934490505,1.1205037991905213,73.8299999609375,91.50799991210937
263,2.3986558975170937,1.1195625074577331,73.8700000390625,91.47799993896484
264,2.3916080848013848,1.1180774129486084,73.9100000390625,91.56799991210937
265,2.3906786889671614,1.1175082322502137,73.9460000390625,91.60199991210938
266,2.392564129867523,1.1164779955673219,74.05999993408203,91.61000001464843
267,2.384639381600036,1.1153768300628661,74.0139999584961,91.63399996337891
268,2.383907741970486,1.1152216785621643,74.05399998535157,91.67200001464843
269,2.3851794263632367,1.1147637996101378,74.00000001220702,91.69400001464844
270,2.381036217168843,1.1139968469810486,74.07800003662109,91.68599991210938
271,2.376615495990506,1.114038087940216,73.9860000390625,91.70399991210938
272,2.378431338105175,1.1128580398750305,73.98800003662109,91.68399991210937
273,2.3722012204994307,1.1118857535743714,73.96199998535157,91.75599996337891
274,2.370515542445804,1.1111229812812806,74.02799993652344,91.7419999633789
275,2.370711426273715,1.1101483387374877,74.10000001220703,91.69599999023437
276,2.3668529710037816,1.1090743102645875,74.18799993408203,91.68199993652344
277,2.365894922916647,1.1081750121879577,74.19200001220703,91.75199999023438
278,2.3661723890655235,1.107601164894104,74.1959999609375,91.68799996582031
279,2.3573399863178306,1.106042698135376,74.1919999609375,91.74799991210938
280,2.358221100769836,1.1048685849380493,74.1880000390625,91.74399996582031
281,2.3604033702283167,1.1045850979042053,74.1960000390625,91.71799993896484
282,2.3535282816723,1.1038560164642335,74.23200001220704,91.80599999023437
283,2.353370790573047,1.10265801984787,74.23200000976563,91.83800001464844
284,2.352210814718434,1.1020118039512634,74.24999993164063,91.90399991210937
285,2.34597966768187,1.1002186796188353,74.27000000976562,91.89600001464844
286,2.345515176832533,1.0988146133232117,74.33400003417968,91.84399991210938
287,2.346372494975821,1.0988202261543274,74.26400000976562,91.90999999023437
288,2.340733116098064,1.0991771264457704,74.23999993408204,91.92199999023437
289,2.339707187611422,1.0984692546463013,74.2919999609375,91.91200001464844
290,2.3383476214824346,1.0982634160232545,74.3780000390625,91.86999993896484
291,2.3340623101456273,1.09781832988739,74.31600001220703,91.92999999023438
292,2.3339037664597937,1.0970298920822144,74.34599993408203,91.95199996337891
293,2.3340641783295775,1.0960944506072998,74.34199998535156,91.91199991210938
294,2.3284407280427186,1.0939222644424438,74.3820000390625,91.98999993652343
295,2.3277231066061153,1.093836346912384,74.4200000390625,91.99999993652344
296,2.327421880263886,1.0932909965896607,74.3499999584961,92.02999993652344
297,2.3204290233165334,1.091876323184967,74.41999993408203,92.10199993652344
298,2.321354030609893,1.091613288383484,74.47799998535156,92.06799996337891
299,2.3226222209602616,1.0918846544647216,74.49000001220703,92.01199993652344
300,2.3143691601131935,1.0925650303649903,74.5039999584961,92.04600001464844
301,2.31421657155553,1.0920371864318847,74.55999993164062,91.9859999633789
302,2.3177895481161457,1.0913555863380433,74.51799995849609,91.9539999633789
303,2.3104934860095323,1.0919591899108887,74.52599998291015,92.01999991210937
304,2.3104776837747636,1.0913531517982482,74.54199995605468,91.98999999023438
305,2.3127733121196523,1.091766594429016,74.46799998535157,92.0299999609375
306,2.3045448503143593,1.091392196826935,74.47799998535156,92.0019999609375
307,2.3067546855155037,1.0915878116226196,74.47999993408203,91.96800001220703
308,2.305034973066774,1.0908932849502564,74.54999995605469,92.00199998779297
309,2.3001310185943957,1.090317740573883,74.59200000976563,92.04199993652344
310,2.297260192277239,1.0886236674690246,74.63599993408204,92.03200001464843
311,2.2997918659739263,1.0869717068862914,74.57399998535156,92.07400001464843
312,2.292481803684402,1.0862308010292052,74.6360000390625,92.07199999023437
313,2.2915613564560644,1.0855526594924927,74.6520000390625,92.11599996337891
314,2.2942742491416412,1.084337032699585,74.6860000366211,92.14799996337891
315,2.2890124703101593,1.0835743754196168,74.68800003662109,92.10199998779296
316,2.2889629709158394,1.083354191493988,74.76599998535156,92.11199991210937
317,2.287266026107337,1.0834750948524474,74.67599998535157,92.13999993652344
318,2.282631047719198,1.083750126991272,74.79199993164063,92.09199993652344
319,2.280987412428303,1.0832603613853455,74.67999993164062,92.08999998779296
320,2.2825268881498193,1.0830822272872924,74.71799998291016,92.0759999633789
321,2.27711409763943,1.0831389065742492,74.62199993408203,92.07800001464844
322,2.2767334251190356,1.0820387278938293,74.65199995849609,92.11799999023438
323,2.276879977265136,1.0805459208488464,74.64399998535156,92.09599999023438
324,2.2723926335311146,1.0806566739082337,74.72200000976562,92.12999993896484
325,2.2704046730229037,1.080348257598877,74.64800000976562,92.09199991210937
326,2.272713141952106,1.080103898010254,74.72399998291016,92.11599993652344
327,2.265468968476037,1.0798996889686585,74.64799993164063,92.1519999609375
328,2.265144225314176,1.0802113550567627,74.77600000976562,92.14599993652344
329,2.2679630495089707,1.0790856540679932,74.86600003417969,92.16199993652344
330,2.2617059140849554,1.0774544047737122,74.85200001220703,92.20600001464844
331,2.2609112164575897,1.077454460258484,74.87199993408203,92.18000001464844
332,2.2612137055034927,1.077832834033966,74.82999995849609,92.16999996337891
333,2.254306672002486,1.0788672950553895,74.81000003662109,92.22799991210937
334,2.255656612862786,1.0788174576568603,74.8120000366211,92.25400001464844
335,2.2567060093799656,1.0787382811546327,74.82799993408203,92.26600001464844
336,2.25044097279092,1.079823864631653,74.8020000390625,92.22199999023438
337,2.250122436707159,1.078426946964264,74.8160000390625,92.22800001464844
338,2.2509602414523,1.0777282142066955,74.8899999609375,92.16399998779296
339,2.2456947036212584,1.076434604701996,74.8719999609375,92.16999993652344
340,2.246159497496607,1.07495968126297,74.8940000390625,92.21399993652344
341,2.2474170244283243,1.0748883154678344,74.9339999609375,92.15800001464844
342,2.2407361142259896,1.073819606742859,74.9800000390625,92.1999999633789
343,2.243173989174749,1.0738508179283142,74.98000001220703,92.18999991210937
344,2.2415769913023134,1.0736572352409364,74.96199998535157,92.23799996337891
345,2.2362889866177125,1.073851019229889,74.93800000976563,92.21999993652344
346,2.2362020796627924,1.0741013527870178,74.90199998535157,92.23199991210937
347,2.236708412258078,1.0741272602844238,74.8239999609375,92.2219999633789
348,2.2319503346983667,1.0734846570396424,74.83400001220703,92.22999999023438
349,2.2309669144719626,1.0732105606460571,74.82999998779297,92.2279999633789
350,2.231560181751907,1.0724777688789369,74.75599998779298,92.16599993652343
351,2.2283391805289745,1.0718322228622437,74.8300000390625,92.23799996337891
352,2.22445009709548,1.0706881105041504,74.87999993408204,92.23399991210937
353,2.227146460665025,1.0714087122535705,74.87199998779298,92.24000001464844
354,2.221640766810456,1.0708993724822997,74.93200001220703,92.23999998779297
355,2.222933098185453,1.0703969880485535,74.9779999609375,92.28799990966797
356,2.219151257182197,1.0701408842277527,74.9919999609375,92.21999990966796
357,2.216566502571487,1.0691126694107056,74.9819999609375,92.32399993408202
358,2.2158772017744233,1.0679917997932433,75.10200003662109,92.24000001220703
359,2.2166439732201666,1.0678687258529662,75.06599995849609,92.23799998779297
360,2.2110564088364013,1.0680952419853211,75.0140000366211,92.29999993652343
361,2.211924440283284,1.067260124282837,74.9219999609375,92.28400001464844
362,2.2112083912467497,1.0683384227180481,75.02999993408203,92.30600001464843
363,2.2071110518049184,1.0689431727409362,75.01400001220703,92.35599993652343
364,2.208089996060784,1.068510365371704,75.06999998535156,92.27599996337891
365,2.207083708424267,1.0681335305023194,75.10199993408203,92.27999991210937
366,2.2035835405333724,1.0683543359565735,75.0500000390625,92.29599991210938
367,2.2024847280016715,1.0688091902732848,75.0960000390625,92.3219999633789
368,2.2020670590069082,1.0671571433448792,75.04199993408203,92.31800001464843
369,2.1988869076914828,1.0662553651237487,75.08000003662109,92.29999993652343
370,2.1988556649949818,1.0654047797966004,75.07799998535157,92.26599993652344
371,2.1998582202181827,1.0652509910964967,75.09999993164062,92.27600001220704
372,2.192359317597344,1.0653556119155885,74.95799995849609,92.32999993408202
373,2.1951048909236106,1.0653450088500978,75.14000003662109,92.31799998535156
374,2.1953778840559752,1.0652188803863525,75.11599998291015,92.33799998779297
375,2.190769053763337,1.0649375784873962,75.18399998535156,92.34000001220703
376,2.190041260753604,1.0640284838867187,75.2519999584961,92.38199990966797
377,2.1886074697847464,1.064285308933258,75.15399998535156,92.31999990966797
378,2.183941347326497,1.064349405441284,75.21199998535157,92.28599998779296
379,2.183544410551957,1.0643804544830322,75.12799993408203,92.2779999609375
380,2.184823970238177,1.0644392527770996,75.09600001220703,92.32199998779296
381,2.179386494447478,1.063879107246399,75.19000001220704,92.30799993652344
382,2.1795399606847266,1.0634151708984374,75.17999993408203,92.3439999633789
383,2.180054021682099,1.0627221369934081,75.16999993408203,92.3259999633789
384,2.176931832858222,1.0634674943542481,75.12599993164062,92.28999991210938
385,2.1747660190462588,1.0641418822288513,75.06999998291016,92.27799990966797
386,2.1766039342712538,1.0638559948921205,75.09199995849609,92.26199993652344
387,2.173628236750047,1.0637302599906922,75.0899999584961,92.27800001464844
388,2.171516938842267,1.0633483870887757,75.06000003662109,92.24600001220703
389,2.172689798638689,1.063413869781494,75.07200003662109,92.26600001220703
390,2.1691071620757443,1.0620903481674195,75.0680000366211,92.24199993408203
391,2.1671132037965513,1.062177947731018,75.0620000366211,92.31599993408203
392,2.1658827245092507,1.0603939851379394,75.14599995849609,92.36000001220702
393,2.1635371013511,1.0604648684883118,75.13399998291015,92.37000001220703
394,2.1643494328530095,1.0597758455085755,75.17599998291016,92.47200001220703
395,2.1645516696498452,1.0601547567367553,75.17599993164062,92.41799990966797
396,2.160644953961757,1.0607491173744201,75.23000003417968,92.36199990966797
397,2.1615474951162423,1.0602288808059692,75.29000000976562,92.36399998779297
398,2.160341405277725,1.0599337984848023,75.25000003417969,92.39799993652343
399,2.1554306370081853,1.0613318856620788,75.24600000732421,92.35999998779297
400,2.155176035172457,1.0613946277236939,75.20399998291016,92.34599998779296
401,2.1560958863543473,1.061847555961609,75.22600000976563,92.2899999609375
402,2.1520817694808843,1.0620460753822327,75.2599999584961,92.34399998779297
403,2.1518159156127705,1.0617943321037293,75.28399993164062,92.30999993652344
404,2.1533122128434035,1.0624264925193787,75.26799993164063,92.32799993652344
405,2.1487532557248117,1.062091864757538,75.24599993164063,92.31600001464844
406,2.147466113193811,1.0612849830627442,75.26200003662109,92.33599996337891
407,2.1488071675780867,1.0616485298538207,75.23200003417969,92.29399996337891
408,2.1459762870931893,1.0617491728210449,75.16599998291015,92.3039999633789
409,2.1443786933172424,1.0606110424995423,75.21600003417969,92.35599993652343
410,2.1446176997001034,1.0604046030807495,75.30400000976563,92.34600001464844
411,2.140165683510397,1.059842690410614,75.40399998291015,92.35599998779297
412,2.1408571495617226,1.0587154423522949,75.40800000732422,92.42399998535156
413,2.1406630208071094,1.0579668264770508,75.2960000366211,92.40799993408203
414,2.138952224374675,1.0589668056297303,75.32000000976562,92.38999993408203
415,2.1368772441344106,1.0588346056938172,75.33799998535156,92.40000001220703
416,2.1370624905105213,1.0589802717590333,75.37199993164063,92.37599993408203
417,2.1319773493053242,1.0588439232635498,75.31199998291015,92.42399990966797
418,2.131261460072131,1.060466327381134,75.32999998291015,92.38600001464843
419,2.1313094679209637,1.0603679615211488,75.41000003417969,92.3999999609375
420,2.129863634145708,1.0592010371780396,75.38200003417968,92.36599990966796
421,2.128587413844254,1.058769522628784,75.40599993164062,92.41799990966797
422,2.1300505329664947,1.0587487958908082,75.35800000976562,92.42399990966797
423,2.1262158622844614,1.0582274843597412,75.45999993164062,92.46599990966797
424,2.12545898316099,1.0577743098449708,75.38000000976562,92.45800001464843
425,2.125011120244658,1.0578868664360046,75.42799998291015,92.47999991210938
426,2.1207250603001944,1.0582762923049926,75.38000001220703,92.38199993652344
427,2.1195370896542958,1.058488545036316,75.33600001220704,92.39600001464844
428,2.1220769263285812,1.058253795928955,75.41199993164062,92.39400001464844
429,2.1181555866337507,1.0588397580337525,75.40600000976562,92.3799999633789
430,2.1170436609849084,1.0583814472579955,75.39600000976563,92.39799996337891
431,2.1177972772900913,1.0579289941215515,75.40800003662109,92.40399991210937
432,2.1146671600479015,1.0584930013656617,75.39999993408203,92.35800001464844
433,2.113710931879725,1.0580388199043274,75.43199993408203,92.34599990966797
434,2.1139928730462287,1.0575944373512267,75.3679999609375,92.32999990966798
435,2.1122068420207376,1.0572999063682555,75.3400000390625,92.35199993652344
436,2.1095547672751236,1.0573331155204773,75.3880000390625,92.38799993652344
437,2.1096323661381104,1.0575721237182618,75.33999998779296,92.40799998779296
438,2.1081701998802114,1.0579388310623168,75.33799998779297,92.42199993652343
439,2.1084491259855427,1.0576068590927123,75.36400003417968,92.36399993652344
440,2.105830436701969,1.0567975051879883,75.32600000976562,92.37400001464843
441,2.104796364010095,1.0570234726524352,75.37999995605469,92.42399990966797
442,2.1050392708046544,1.0570565231704712,75.33399993408203,92.40799990966796
443,2.102196194475694,1.0574890006828308,75.36200000976562,92.41399998779296
444,2.1006535696659348,1.057266229534149,75.33799993408203,92.47200001220703
445,2.1010144026064093,1.0580889244651794,75.31599993408203,92.43399993408202
446,2.100981567689269,1.058456498565674,75.38799998535156,92.36599990966796
447,2.096938823576835,1.0586623572540284,75.42399993408203,92.39399990966797
448,2.0977468234267262,1.0581879032707215,75.42399993408203,92.3959999609375
449,2.0953609351155094,1.0573117531204224,75.4200000341797,92.4479999609375
450,2.0942777080311004,1.0572930274391175,75.35800000976562,92.38999996337891
451,2.0928879549368014,1.0578795247077941,75.29399998535156,92.43800001464844
452,2.0929315552818215,1.0586170475196839,75.27199993408203,92.43400001464843
453,2.0899433177247415,1.0583916364860535,75.29200003662109,92.40199999023437
454,2.090684529402845,1.0584505725288391,75.30400003662109,92.39800001464843
455,2.089921155278917,1.0590277688026428,75.36800001220703,92.46000001464844
456,2.088034249705186,1.0592846619415284,75.31399998535156,92.41399990966796
457,2.0861846166167806,1.058994764213562,75.30399998535157,92.38799993652344
458,2.086327258726771,1.058680973701477,75.3620000390625,92.36999993652344
459,2.0858883982082066,1.0590264612197875,75.3139999609375,92.35799999023438
460,2.0844952965335404,1.0584093007659912,75.27599998779297,92.40399991210937
461,2.0854945036528303,1.0578095168495179,75.37599998535157,92.41599999023437
462,2.0793993997631026,1.0573931118774413,75.3599999609375,92.41799999023438
463,2.0816529283611227,1.0579808065414429,75.3660000390625,92.39399991210938
464,2.080655062274872,1.0576175800704957,75.4000000390625,92.37000001464844
465,2.0782508247380824,1.0578923427772522,75.44400001220703,92.3859999609375
466,2.0783180273312936,1.057992459411621,75.42199993408204,92.42399990966797
467,2.0774243079977546,1.0584371760940552,75.40799998779296,92.38399993652344
468,2.077055125737743,1.058663870124817,75.37999998535156,92.42199993652343
469,2.075415192652854,1.058750240497589,75.35000000976562,92.43800001464844
470,2.076533540404386,1.058790558052063,75.33000000976563,92.39399991210938
471,2.0718457471076057,1.0594576235580444,75.28599998779296,92.35999991210937
472,2.0720783288149143,1.0592246620368957,75.2960000390625,92.39799993652343
473,2.0722561108884956,1.059611955795288,75.3920000390625,92.37000001464844
474,2.0711673184169186,1.0586991657829286,75.3760000390625,92.35399991210937
475,2.0687791833298195,1.0581047465896607,75.4060000390625,92.39599991210937
476,2.067194433378087,1.0579838558387757,75.48999998779297,92.38999991210937
477,2.067833221787743,1.0584449380683898,75.50000001464844,92.3739999633789
478,2.0669207001666274,1.0587946101379395,75.42600001464844,92.40999999023437
479,2.0669606280841415,1.057907695350647,75.40799993408203,92.44199993652344
480,2.063329424122445,1.0578256923103333,75.42599993652344,92.41999998779296
481,2.064746323106386,1.0580176543045043,75.38999998779298,92.43999990966797
482,2.0617446576853355,1.0585685396957398,75.3699999609375,92.44399993652344
483,2.060243156316469,1.0589009709358215,75.37200003662109,92.43399990966797
484,2.0598790553166904,1.0591395225906373,75.3879999584961,92.41199990966797
485,2.0621795855361302,1.0591721628379822,75.34999993408204,92.43999993652344
486,2.0597441401317726,1.059029997215271,75.3200000390625,92.40999998779297
487,2.0577628204195526,1.0588046935653685,75.41800000976562,92.39599993652344
488,2.0570398813052524,1.0589079370498657,75.3799999584961,92.46199990966797
489,2.055956123401221,1.058698128452301,75.41999995849609,92.42599998779296
490,2.05491007079514,1.0588396557426452,75.3800000366211,92.44799998779297
491,2.054904140109162,1.0595719892883302,75.42599995849609,92.38400001464844
492,2.0517888187790376,1.0591590286064148,75.41799993164062,92.41399999023437
493,2.052270827009428,1.0595481312942505,75.38000001220703,92.41999991210938
494,2.0513839172325925,1.059037454433441,75.30199998535156,92.39599998779296
495,2.0490176939278197,1.059069264316559,75.35800003662109,92.37599993652344
496,2.0484909367123,1.0593762593460083,75.44399993164062,92.41200001464844
497,2.0479779893355214,1.0597754126548766,75.41399993408203,92.39800001464843
498,2.047553800516944,1.0594827631950379,75.3939999609375,92.39999998779297
499,2.047476853683984,1.0588547910499573,75.3460000390625,92.40000001464844
500,2.046606936757799,1.0582735769271852,75.40999993408204,92.40199993652344
501,2.044270656901679,1.0580826424407959,75.37400001220703,92.39000001464844
502,2.0441779296556346,1.0578683390045167,75.39600001220703,92.40000001464844
503,2.0440741327645586,1.0584078474617005,75.36000001220702,92.39799996337891
504,2.0412198581950936,1.0585671728515624,75.31799993408202,92.4659999633789
505,2.0394048607416098,1.058446077785492,75.34799993408203,92.47399991210938
506,2.0404484332036628,1.0579348332023621,75.35399993408203,92.4719999633789
507,2.038129463517885,1.058201813735962,75.3119999609375,92.46000001464844
508,2.0396666638285135,1.0584450752067567,75.33999998779296,92.45399993652343
509,2.0411036309483146,1.0575566634750366,75.35000001464844,92.43400001464843
510,2.037566065168876,1.0571709241104126,75.3559999633789,92.4299999633789
511,2.035776852322616,1.0564537038230897,75.29199996337891,92.49799993652344
512,2.035487331122422,1.0567099168968201,75.3020000390625,92.52799998779297
513,2.0326938375675803,1.0575710556030273,75.31799998535156,92.48999993652343
514,2.034137300402522,1.0580044412231446,75.4659999609375,92.47400001464844
515,2.0344616076547943,1.0582692452812195,75.47999998535157,92.45600001464844
516,2.033660701138796,1.0586981412887573,75.35599993408204,92.48400001464844
517,2.032164606116087,1.058679298171997,75.36599998535156,92.49399993652344
518,2.03130680951569,1.058781966381073,75.40400001220704,92.4259999633789
519,2.02881046788965,1.0590655970191956,75.35200001220703,92.4359999633789
520,2.0292762543181246,1.0595041273498536,75.4080000390625,92.44199993652344
521,2.0305996546261222,1.0598053665542602,75.4540000390625,92.42599993652344
522,2.027655459374642,1.0597203245925904,75.41999993408203,92.45599998779296
523,2.0266336386533474,1.0591201186370849,75.45599998535157,92.47599998779297
524,2.02539609876468,1.0586480130386353,75.48600003662109,92.42800001464843
525,2.0258446382961686,1.0583431775474548,75.48600003662109,92.47400001464844
526,2.0250896637578855,1.058819118156433,75.4360000366211,92.48399993652343
527,2.021726484397809,1.0600495153427123,75.41199998535156,92.44599996337891
528,2.0215351460553665,1.0601556529426575,75.44199993408203,92.48799991210937
529,2.0232567262592362,1.0601546017074586,75.45200001220704,92.41399999023437
530,2.021593971742238,1.0603772183990479,75.44599998535156,92.43999993896485
531,2.017912396233526,1.0603467992782594,75.4340000366211,92.4259999633789
532,2.0185867704742915,1.0609424543762207,75.4500000390625,92.4439999633789
533,2.019530781214948,1.0610904735183715,75.4559999609375,92.43999998779297
534,2.0182485914916444,1.0607950233268737,75.48599993408203,92.43599993652344
535,2.0181758909774343,1.0602847769927979,75.42799993652343,92.45799993652344
536,2.017416154499725,1.060519549446106,75.42200001220704,92.42600001464844
537,2.015007088605544,1.06110482793808,75.41199998779297,92.41800001464844
538,2.0142863338990367,1.061184333114624,75.37200001220702,92.4319999633789
539,2.0147653122028286,1.06188768535614,75.44399998535157,92.41399993652344
540,2.0133503691183865,1.0618280868530274,75.38400001220703,92.43799998779296
541,2.011747559531034,1.0618797554397583,75.4179999584961,92.40999998779297
542,2.0134871314278993,1.062112806892395,75.38999998535157,92.39599993652344
543,2.0103363202725477,1.0616087754440309,75.36600003662109,92.40999993652343
544,2.010397547535854,1.0617811233329773,75.36599993408203,92.41400001464844
545,2.0105354475746338,1.0616895382881164,75.31799996337891,92.38599991210937
546,2.0094677325156476,1.0617676461029053,75.2739999609375,92.3699999633789
547,2.009911485189061,1.0614782520103454,75.37599993408203,92.40999991210937
548,2.0081297187782305,1.0617791296958923,75.31399993408203,92.36999999023438
549,2.007084479720758,1.0616494002151489,75.36999993408203,92.43399996337891
